tipo_griglia,similarity
1,0.8948560650181834
2,0.8359304872639247
3,0.7398300378117159
4,0.09245003270420485
